<?xml version="1.0" encoding="UTF-8" standalone="yes"?>

	<addon id="plugin.program.update.tvguide" name="Update TV Guide" version="1.6.1" provider-name="@lpha">
    
		<requires>
		
			<import addon="xbmc.python" version="2.14.0"/>
	
			<import addon="script.module.pyxbmct" version="1.1.4"/>
			<import addon="script.module.beautifulsoup" version="3.2.1"/>

		</requires>
	
		<extension point="xbmc.python.pluginsource" library="addon.py">
		
			<provides>executable</provides>
	
		</extension>
	
		<extension point="xbmc.addon.metadata">
		
			<platform>all</platform>
		
			<summary lang="en">Project @lpha Update TV Guide Version 1.6.1</summary>
		
			<description lang="en">Updates the Renegades TV Guide</description>
		
			<license>GNU General Public License, v2</license>
		
			<language></language>
		
			<email>projectalpha@myway.com</email>
	
		</extension>

	</addon>
