<?xml version="1.0" encoding="UTF-8" standalone="yes"?>
<addon id="repository.projectalpha" name="Project Alpha Repository" version="1.2" provider-name="@lpha">
	<extension point="xbmc.addon.repository" name="Project Alpha Addon Repository">
		<info compressed="false">https://raw.githubusercontent.com/pjalpha/repo/master/addons.xml</info>
		<checksum>https://raw.githubusercontent.com/pjalpha/repo/master/addons.xml.md5</checksum>
		<datadir zip="true">https://raw.githubusercontent.com/pjalpha/repo/master/zips</datadir>
	</extension>
	<extension point="xbmc.addon.metadata">
		<summary>Install Addons</summary>
		<description>Updates and Addons From Project @lpha</description>
		<platform>all</platform>
	</extension>
</addon>

