﻿<?xml version="1.0" encoding="UTF-8" standalone="yes"?>
<addon id="script.renegadestv" name="Project Alpha TV Guide" version="1.1.0" provider-name="@lpha, Antony, rayw1986, bluezed">
	<requires>
		<import addon="xbmc.python" version="2.1.0"/>
		<import addon="script.module.simplejson" version="2.0.10"/>
	</requires>
	<extension point="xbmc.python.script" library="addon.py"/>
	<extension point="xbmc.addon.metadata">
		<summary lang="en">Project Alpha TV Guide fully working EPG</summary>
		<description lang="en">Project TV Guide fully working EPG</description>
		<disclaimer lang="en">Project Alpha TV Guide is based on Renegades TV Guide by Anthony and FTV Guide by Bluezed & RayW1986, which is based on the original TV Guide addon by twinther.</disclaimer>
		<language></language>
		<platform>all</platform>
		<license>GPLv2</license>
		<forum></forum>
		<website>http://www.pjalpha.co.nf</website>
		<email>projectalpha@myway.com</email>
		<forum>http://pjalpha.byethost14.com/mybb/</forum>
		<source></source>
	</extension>
</addon>
